probe,type,coef
cg19715410,epiCMIT.hyper,1
cg18279094,epiCMIT.hyper,1
cg11823511,epiCMIT.hyper,1
cg24453699,epiCMIT.hyper,1
cg03989260,epiCMIT.hyper,1
cg14565725,epiCMIT.hyper,1
cg00466334,epiCMIT.hyper,1
cg24035245,epiCMIT.hyper,1
cg05378938,epiCMIT.hyper,1
cg09671258,epiCMIT.hyper,1
cg09826050,epiCMIT.hyper,1
cg07279070,epiCMIT.hyper,1
cg18093372,epiCMIT.hyper,1
cg18173235,epiCMIT.hyper,1
cg07813142,epiCMIT.hyper,1
cg24772753,epiCMIT.hyper,1
cg17737681,epiCMIT.hyper,1
cg17078253,epiCMIT.hyper,1
cg05467160,epiCMIT.hyper,1
cg04415176,epiCMIT.hyper,1
cg01405040,epiCMIT.hyper,1
cg02694427,epiCMIT.hyper,1
cg03964958,epiCMIT.hyper,1
cg09578028,epiCMIT.hyper,1
cg04739647,epiCMIT.hyper,1
cg05167251,epiCMIT.hyper,1
cg22674699,epiCMIT.hyper,1
cg22541735,epiCMIT.hyper,1
cg19384289,epiCMIT.hyper,1
cg14473102,epiCMIT.hyper,1
cg15808943,epiCMIT.hyper,1
cg24416513,epiCMIT.hyper,1
cg11375458,epiCMIT.hyper,1
cg16640855,epiCMIT.hyper,1
cg08690859,epiCMIT.hyper,1
cg22212691,epiCMIT.hyper,1
cg24621972,epiCMIT.hyper,1
cg23546474,epiCMIT.hyper,1
cg18077971,epiCMIT.hyper,1
cg15873301,epiCMIT.hyper,1
cg07152216,epiCMIT.hyper,1
cg21884231,epiCMIT.hyper,1
cg05513806,epiCMIT.hyper,1
cg07462756,epiCMIT.hyper,1
cg15092343,epiCMIT.hyper,1
cg10266211,epiCMIT.hyper,1
cg09354241,epiCMIT.hyper,1
cg10192893,epiCMIT.hyper,1
cg05036656,epiCMIT.hyper,1
cg24783211,epiCMIT.hyper,1
cg24813038,epiCMIT.hyper,1
cg13582816,epiCMIT.hyper,1
cg24275315,epiCMIT.hyper,1
cg17444738,epiCMIT.hyper,1
cg02640260,epiCMIT.hyper,1
cg00335712,epiCMIT.hyper,1
cg09064304,epiCMIT.hyper,1
cg08812889,epiCMIT.hyper,1
cg03867465,epiCMIT.hyper,1
cg00966099,epiCMIT.hyper,1
cg26549701,epiCMIT.hyper,1
cg01927745,epiCMIT.hyper,1
cg09142313,epiCMIT.hyper,1
cg15132565,epiCMIT.hyper,1
cg00332937,epiCMIT.hyper,1
cg18063312,epiCMIT.hyper,1
cg20959460,epiCMIT.hyper,1
cg26446499,epiCMIT.hyper,1
cg08850461,epiCMIT.hyper,1
cg20755170,epiCMIT.hyper,1
cg26844246,epiCMIT.hyper,1
cg15929797,epiCMIT.hyper,1
cg12544191,epiCMIT.hyper,1
cg19204131,epiCMIT.hyper,1
cg03585912,epiCMIT.hyper,1
cg21995304,epiCMIT.hyper,1
cg24869601,epiCMIT.hyper,1
cg14909730,epiCMIT.hyper,1
cg17697633,epiCMIT.hyper,1
cg22367191,epiCMIT.hyper,1
cg05452406,epiCMIT.hyper,1
cg10074727,epiCMIT.hyper,1
cg12172441,epiCMIT.hyper,1
cg01815538,epiCMIT.hyper,1
cg08979319,epiCMIT.hyper,1
cg07973435,epiCMIT.hyper,1
cg08640634,epiCMIT.hyper,1
cg12744820,epiCMIT.hyper,1
cg12560987,epiCMIT.hyper,1
cg12597389,epiCMIT.hyper,1
cg06335867,epiCMIT.hyper,1
cg27618240,epiCMIT.hyper,1
cg23093589,epiCMIT.hyper,1
cg01582980,epiCMIT.hyper,1
cg24881205,epiCMIT.hyper,1
cg27009703,epiCMIT.hyper,1
cg15912800,epiCMIT.hyper,1
cg12997720,epiCMIT.hyper,1
cg24446586,epiCMIT.hyper,1
cg27393010,epiCMIT.hyper,1
cg12034383,epiCMIT.hyper,1
cg22841810,epiCMIT.hyper,1
cg22524061,epiCMIT.hyper,1
cg07173635,epiCMIT.hyper,1
cg14305313,epiCMIT.hyper,1
cg03599078,epiCMIT.hyper,1
cg00956199,epiCMIT.hyper,1
cg04425920,epiCMIT.hyper,1
cg04837832,epiCMIT.hyper,1
cg23709528,epiCMIT.hyper,1
cg14491820,epiCMIT.hyper,1
cg11727383,epiCMIT.hyper,1
cg09935282,epiCMIT.hyper,1
cg26678605,epiCMIT.hyper,1
cg05783915,epiCMIT.hyper,1
cg17276590,epiCMIT.hyper,1
cg05653707,epiCMIT.hyper,1
cg12835048,epiCMIT.hyper,1
cg01635405,epiCMIT.hyper,1
cg14354327,epiCMIT.hyper,1
cg03512426,epiCMIT.hyper,1
cg07333715,epiCMIT.hyper,1
cg13696942,epiCMIT.hyper,1
cg13445796,epiCMIT.hyper,1
cg02878244,epiCMIT.hyper,1
cg13974632,epiCMIT.hyper,1
cg05733135,epiCMIT.hyper,1
cg22043168,epiCMIT.hyper,1
cg10387551,epiCMIT.hyper,1
cg17714025,epiCMIT.hyper,1
cg15044957,epiCMIT.hyper,1
cg08490115,epiCMIT.hyper,1
cg15310492,epiCMIT.hyper,1
cg05756220,epiCMIT.hyper,1
cg22685409,epiCMIT.hyper,1
cg03506489,epiCMIT.hyper,1
cg07434271,epiCMIT.hyper,1
cg07915921,epiCMIT.hyper,1
cg16856286,epiCMIT.hyper,1
cg26931862,epiCMIT.hyper,1
cg03078269,epiCMIT.hyper,1
cg26809635,epiCMIT.hyper,1
cg03536474,epiCMIT.hyper,1
cg21164131,epiCMIT.hyper,1
cg21229570,epiCMIT.hyper,1
cg14414464,epiCMIT.hyper,1
cg26609631,epiCMIT.hyper,1
cg23588462,epiCMIT.hyper,1
cg18478319,epiCMIT.hyper,1
cg20985450,epiCMIT.hyper,1
cg18557131,epiCMIT.hyper,1
cg00529958,epiCMIT.hyper,1
cg24136205,epiCMIT.hyper,1
cg18656829,epiCMIT.hyper,1
cg24690071,epiCMIT.hyper,1
cg00295794,epiCMIT.hyper,1
cg22489321,epiCMIT.hyper,1
cg26630231,epiCMIT.hyper,1
cg15415452,epiCMIT.hyper,1
cg21054521,epiCMIT.hyper,1
cg13692446,epiCMIT.hyper,1
cg25570913,epiCMIT.hyper,1
cg17007640,epiCMIT.hyper,1
cg05295557,epiCMIT.hyper,1
cg04224064,epiCMIT.hyper,1
cg13023870,epiCMIT.hyper,1
cg13539545,epiCMIT.hyper,1
cg23322933,epiCMIT.hyper,1
cg04640920,epiCMIT.hyper,1
cg12421755,epiCMIT.hyper,1
cg07350501,epiCMIT.hyper,1
cg10222027,epiCMIT.hyper,1
cg14754787,epiCMIT.hyper,1
cg12374721,epiCMIT.hyper,1
cg20370678,epiCMIT.hyper,1
cg21158087,epiCMIT.hyper,1
cg26130488,epiCMIT.hyper,1
cg13940693,epiCMIT.hyper,1
cg10384245,epiCMIT.hyper,1
cg25547580,epiCMIT.hyper,1
cg10836101,epiCMIT.hyper,1
cg09491991,epiCMIT.hyper,1
cg15058464,epiCMIT.hyper,1
cg21697851,epiCMIT.hyper,1
cg21870274,epiCMIT.hypo,1
cg17810211,epiCMIT.hypo,1
cg08263140,epiCMIT.hypo,1
cg05663262,epiCMIT.hypo,1
cg00055603,epiCMIT.hypo,1
cg05042706,epiCMIT.hypo,1
cg25469314,epiCMIT.hypo,1
cg16515477,epiCMIT.hypo,1
cg07910726,epiCMIT.hypo,1
cg22037030,epiCMIT.hypo,1
cg00954256,epiCMIT.hypo,1
cg13047196,epiCMIT.hypo,1
cg04910179,epiCMIT.hypo,1
cg08123701,epiCMIT.hypo,1
cg14777634,epiCMIT.hypo,1
cg11795488,epiCMIT.hypo,1
cg21679730,epiCMIT.hypo,1
cg11228758,epiCMIT.hypo,1
cg13784017,epiCMIT.hypo,1
cg17987458,epiCMIT.hypo,1
cg12302119,epiCMIT.hypo,1
cg05928873,epiCMIT.hypo,1
cg17041296,epiCMIT.hypo,1
cg16926302,epiCMIT.hypo,1
cg11338128,epiCMIT.hypo,1
cg05948962,epiCMIT.hypo,1
cg01952027,epiCMIT.hypo,1
cg17175521,epiCMIT.hypo,1
cg17011453,epiCMIT.hypo,1
cg26032419,epiCMIT.hypo,1
cg13471209,epiCMIT.hypo,1
cg09892671,epiCMIT.hypo,1
cg11341440,epiCMIT.hypo,1
cg21523496,epiCMIT.hypo,1
cg11345352,epiCMIT.hypo,1
cg19277516,epiCMIT.hypo,1
cg22608160,epiCMIT.hypo,1
cg03900581,epiCMIT.hypo,1
cg24601327,epiCMIT.hypo,1
cg06099303,epiCMIT.hypo,1
cg04095498,epiCMIT.hypo,1
cg03513309,epiCMIT.hypo,1
cg13563869,epiCMIT.hypo,1
cg09222982,epiCMIT.hypo,1
cg06626591,epiCMIT.hypo,1
cg16175792,epiCMIT.hypo,1
cg18354905,epiCMIT.hypo,1
cg05198938,epiCMIT.hypo,1
cg04436634,epiCMIT.hypo,1
cg13507224,epiCMIT.hypo,1
cg23955593,epiCMIT.hypo,1
cg08864944,epiCMIT.hypo,1
cg21908886,epiCMIT.hypo,1
cg03421657,epiCMIT.hypo,1
cg24554839,epiCMIT.hypo,1
cg04436701,epiCMIT.hypo,1
cg20323571,epiCMIT.hypo,1
cg16144864,epiCMIT.hypo,1
cg11201256,epiCMIT.hypo,1
cg20463298,epiCMIT.hypo,1
cg26276249,epiCMIT.hypo,1
cg03521812,epiCMIT.hypo,1
cg14662181,epiCMIT.hypo,1
cg01392351,epiCMIT.hypo,1
cg12687463,epiCMIT.hypo,1
cg09551916,epiCMIT.hypo,1
cg03261473,epiCMIT.hypo,1
cg23962746,epiCMIT.hypo,1
cg00146437,epiCMIT.hypo,1
cg26269966,epiCMIT.hypo,1
cg13916421,epiCMIT.hypo,1
cg05126581,epiCMIT.hypo,1
cg10227629,epiCMIT.hypo,1
cg09412975,epiCMIT.hypo,1
cg03988297,epiCMIT.hypo,1
cg19865770,epiCMIT.hypo,1
cg16651768,epiCMIT.hypo,1
cg00063346,epiCMIT.hypo,1
cg05656812,epiCMIT.hypo,1
cg22431753,epiCMIT.hypo,1
cg08658124,epiCMIT.hypo,1
cg01432692,epiCMIT.hypo,1
cg09132058,epiCMIT.hypo,1
cg19596804,epiCMIT.hypo,1
cg23918821,epiCMIT.hypo,1
cg08868915,epiCMIT.hypo,1
cg05353872,epiCMIT.hypo,1
cg24980856,epiCMIT.hypo,1
cg18254183,epiCMIT.hypo,1
cg12656424,epiCMIT.hypo,1
cg15002713,epiCMIT.hypo,1
cg14444650,epiCMIT.hypo,1
cg23949611,epiCMIT.hypo,1
cg23180841,epiCMIT.hypo,1
cg03065107,epiCMIT.hypo,1
cg20485058,epiCMIT.hypo,1
cg17960629,epiCMIT.hypo,1
cg24194279,epiCMIT.hypo,1
cg02630207,epiCMIT.hypo,1
cg23279261,epiCMIT.hypo,1
cg09044294,epiCMIT.hypo,1
cg10756457,epiCMIT.hypo,1
cg04930848,epiCMIT.hypo,1
cg08393788,epiCMIT.hypo,1
cg00678892,epiCMIT.hypo,1
cg26106316,epiCMIT.hypo,1
cg20921479,epiCMIT.hypo,1
cg08043781,epiCMIT.hypo,1
cg16475891,epiCMIT.hypo,1
cg23668195,epiCMIT.hypo,1
cg15359093,epiCMIT.hypo,1
cg02624836,epiCMIT.hypo,1
cg04527612,epiCMIT.hypo,1
cg03455644,epiCMIT.hypo,1
cg17961381,epiCMIT.hypo,1
cg15359390,epiCMIT.hypo,1
cg21349914,epiCMIT.hypo,1
cg03661324,epiCMIT.hypo,1
cg27004195,epiCMIT.hypo,1
cg15704225,epiCMIT.hypo,1
cg05973555,epiCMIT.hypo,1
cg26085987,epiCMIT.hypo,1
cg09694782,epiCMIT.hypo,1
cg03350326,epiCMIT.hypo,1
cg13168617,epiCMIT.hypo,1
cg04275977,epiCMIT.hypo,1
cg02346141,epiCMIT.hypo,1
cg09860353,epiCMIT.hypo,1
cg13028481,epiCMIT.hypo,1
cg10962805,epiCMIT.hypo,1
cg19226358,epiCMIT.hypo,1
cg14947846,epiCMIT.hypo,1
cg23925201,epiCMIT.hypo,1
cg01821850,epiCMIT.hypo,1
cg16356045,epiCMIT.hypo,1
cg09446806,epiCMIT.hypo,1
cg16703390,epiCMIT.hypo,1
cg03252605,epiCMIT.hypo,1
cg11038054,epiCMIT.hypo,1
cg13430053,epiCMIT.hypo,1
cg07609844,epiCMIT.hypo,1
cg09367174,epiCMIT.hypo,1
cg05036991,epiCMIT.hypo,1
cg21038740,epiCMIT.hypo,1
cg04098051,epiCMIT.hypo,1
cg06264743,epiCMIT.hypo,1
cg06544882,epiCMIT.hypo,1
cg03520136,epiCMIT.hypo,1
cg10560420,epiCMIT.hypo,1
cg00422311,epiCMIT.hypo,1
cg07262519,epiCMIT.hypo,1
cg14548858,epiCMIT.hypo,1
cg13292082,epiCMIT.hypo,1
cg17325595,epiCMIT.hypo,1
cg02084485,epiCMIT.hypo,1
cg08977702,epiCMIT.hypo,1
cg03483330,epiCMIT.hypo,1
cg04686481,epiCMIT.hypo,1
cg00829858,epiCMIT.hypo,1
cg07129067,epiCMIT.hypo,1
cg03412497,epiCMIT.hypo,1
cg07835482,epiCMIT.hypo,1
cg15735129,epiCMIT.hypo,1
cg21471828,epiCMIT.hypo,1
cg00470341,epiCMIT.hypo,1
cg09416934,epiCMIT.hypo,1
cg05918312,epiCMIT.hypo,1
cg12006072,epiCMIT.hypo,1
cg07002498,epiCMIT.hypo,1
cg07791987,epiCMIT.hypo,1
cg13698212,epiCMIT.hypo,1
cg10081941,epiCMIT.hypo,1
cg19475988,epiCMIT.hypo,1
cg16947583,epiCMIT.hypo,1
cg26387064,epiCMIT.hypo,1
cg13206191,epiCMIT.hypo,1
cg23886009,epiCMIT.hypo,1
cg05879419,epiCMIT.hypo,1
cg05392844,epiCMIT.hypo,1
cg01165997,epiCMIT.hypo,1
cg21666857,epiCMIT.hypo,1
cg23270841,epiCMIT.hypo,1
cg14096767,epiCMIT.hypo,1
cg01245155,epiCMIT.hypo,1
cg18011188,epiCMIT.hypo,1
cg14992768,epiCMIT.hypo,1
cg02273106,epiCMIT.hypo,1
cg06740209,epiCMIT.hypo,1
cg21165909,epiCMIT.hypo,1
cg19578305,epiCMIT.hypo,1
cg09488200,epiCMIT.hypo,1
cg04530015,epiCMIT.hypo,1
cg05785510,epiCMIT.hypo,1
cg14538944,epiCMIT.hypo,1
cg22039960,epiCMIT.hypo,1
cg11245989,epiCMIT.hypo,1
cg19702176,epiCMIT.hypo,1
cg05318546,epiCMIT.hypo,1
cg02550257,epiCMIT.hypo,1
cg11348188,epiCMIT.hypo,1
cg07328796,epiCMIT.hypo,1
cg18594467,epiCMIT.hypo,1
cg26681097,epiCMIT.hypo,1
cg07162700,epiCMIT.hypo,1
cg24259363,epiCMIT.hypo,1
cg26679855,epiCMIT.hypo,1
cg21174565,epiCMIT.hypo,1
cg17034079,epiCMIT.hypo,1
cg16291750,epiCMIT.hypo,1
cg21646392,epiCMIT.hypo,1
cg06620117,epiCMIT.hypo,1
cg21910673,epiCMIT.hypo,1
cg01190276,epiCMIT.hypo,1
cg22842189,epiCMIT.hypo,1
cg11177552,epiCMIT.hypo,1
cg05556038,epiCMIT.hypo,1
cg06705767,epiCMIT.hypo,1
cg12416080,epiCMIT.hypo,1
cg07784084,epiCMIT.hypo,1
cg06601774,epiCMIT.hypo,1
cg10719144,epiCMIT.hypo,1
cg25375162,epiCMIT.hypo,1
cg16139912,epiCMIT.hypo,1
cg10336406,epiCMIT.hypo,1
cg10955243,epiCMIT.hypo,1
cg04405547,epiCMIT.hypo,1
cg16171771,epiCMIT.hypo,1
cg01792749,epiCMIT.hypo,1
cg08033262,epiCMIT.hypo,1
cg02243386,epiCMIT.hypo,1
cg12924224,epiCMIT.hypo,1
cg17473727,epiCMIT.hypo,1
cg19010139,epiCMIT.hypo,1
cg14404298,epiCMIT.hypo,1
cg13061469,epiCMIT.hypo,1
cg02906784,epiCMIT.hypo,1
cg26068215,epiCMIT.hypo,1
cg05898320,epiCMIT.hypo,1
cg02717506,epiCMIT.hypo,1
cg04246167,epiCMIT.hypo,1
cg01576260,epiCMIT.hypo,1
cg02700130,epiCMIT.hypo,1
cg23078228,epiCMIT.hypo,1
cg09603919,epiCMIT.hypo,1
cg04522625,epiCMIT.hypo,1
cg22931622,epiCMIT.hypo,1
cg06329316,epiCMIT.hypo,1
cg07165029,epiCMIT.hypo,1
cg21550580,epiCMIT.hypo,1
cg02761110,epiCMIT.hypo,1
cg24396686,epiCMIT.hypo,1
cg12979789,epiCMIT.hypo,1
cg03489020,epiCMIT.hypo,1
cg22875984,epiCMIT.hypo,1
cg22224043,epiCMIT.hypo,1
cg23012591,epiCMIT.hypo,1
cg05461169,epiCMIT.hypo,1
cg13590456,epiCMIT.hypo,1
cg03507064,epiCMIT.hypo,1
cg13876844,epiCMIT.hypo,1
cg03660603,epiCMIT.hypo,1
cg24935208,epiCMIT.hypo,1
cg13543106,epiCMIT.hypo,1
cg10729854,epiCMIT.hypo,1
cg04891688,epiCMIT.hypo,1
cg21175685,epiCMIT.hypo,1
cg00967711,epiCMIT.hypo,1
cg03517913,epiCMIT.hypo,1
cg12837919,epiCMIT.hypo,1
cg12699321,epiCMIT.hypo,1
cg23033158,epiCMIT.hypo,1
cg03290560,epiCMIT.hypo,1
cg23045972,epiCMIT.hypo,1
cg06139239,epiCMIT.hypo,1
cg24984506,epiCMIT.hypo,1
cg01185573,epiCMIT.hypo,1
cg03891318,epiCMIT.hypo,1
cg00908813,epiCMIT.hypo,1
cg19955019,epiCMIT.hypo,1
cg08544192,epiCMIT.hypo,1
cg21457856,epiCMIT.hypo,1
cg10784511,epiCMIT.hypo,1
cg08153098,epiCMIT.hypo,1
cg20083186,epiCMIT.hypo,1
cg13546308,epiCMIT.hypo,1
cg13233545,epiCMIT.hypo,1
cg12432161,epiCMIT.hypo,1
cg00757822,epiCMIT.hypo,1
cg17067226,epiCMIT.hypo,1
cg07342783,epiCMIT.hypo,1
cg24874998,epiCMIT.hypo,1
cg11375831,epiCMIT.hypo,1
cg18142906,epiCMIT.hypo,1
cg22668995,epiCMIT.hypo,1
cg23976846,epiCMIT.hypo,1
cg03804083,epiCMIT.hypo,1
cg18060030,epiCMIT.hypo,1
cg03516577,epiCMIT.hypo,1
cg11291773,epiCMIT.hypo,1
cg10512194,epiCMIT.hypo,1
cg16760223,epiCMIT.hypo,1
cg06728232,epiCMIT.hypo,1
cg19510409,epiCMIT.hypo,1
cg17482360,epiCMIT.hypo,1
cg18787846,epiCMIT.hypo,1
cg00075103,epiCMIT.hypo,1
cg01348374,epiCMIT.hypo,1
cg22471401,epiCMIT.hypo,1
cg17078629,epiCMIT.hypo,1
cg27177296,epiCMIT.hypo,1
cg10728473,epiCMIT.hypo,1
cg12044923,epiCMIT.hypo,1
cg26114352,epiCMIT.hypo,1
cg27201767,epiCMIT.hypo,1
cg08174890,epiCMIT.hypo,1
cg18914258,epiCMIT.hypo,1
cg18640444,epiCMIT.hypo,1
cg04460609,epiCMIT.hypo,1
cg08262002,epiCMIT.hypo,1
cg07999201,epiCMIT.hypo,1
cg27450010,epiCMIT.hypo,1
cg25889581,epiCMIT.hypo,1
cg13480465,epiCMIT.hypo,1
cg24813857,epiCMIT.hypo,1
cg16581308,epiCMIT.hypo,1
cg24874602,epiCMIT.hypo,1
cg05247096,epiCMIT.hypo,1
cg13655242,epiCMIT.hypo,1
cg23330788,epiCMIT.hypo,1
cg04177287,epiCMIT.hypo,1
cg05029312,epiCMIT.hypo,1
cg19394293,epiCMIT.hypo,1
cg13730600,epiCMIT.hypo,1
cg21705324,epiCMIT.hypo,1
cg21528399,epiCMIT.hypo,1
cg19375140,epiCMIT.hypo,1
cg15989892,epiCMIT.hypo,1
cg03815116,epiCMIT.hypo,1
cg23384017,epiCMIT.hypo,1
cg24255032,epiCMIT.hypo,1
cg13895046,epiCMIT.hypo,1
cg10961486,epiCMIT.hypo,1
cg23449588,epiCMIT.hypo,1
cg08712190,epiCMIT.hypo,1
cg04837494,epiCMIT.hypo,1
cg02220233,epiCMIT.hypo,1
cg25377865,epiCMIT.hypo,1
cg08475244,epiCMIT.hypo,1
cg17128767,epiCMIT.hypo,1
cg24923953,epiCMIT.hypo,1
cg26523478,epiCMIT.hypo,1
cg27192708,epiCMIT.hypo,1
cg10104674,epiCMIT.hypo,1
cg06220112,epiCMIT.hypo,1
cg17903782,epiCMIT.hypo,1
cg11818376,epiCMIT.hypo,1
cg14155327,epiCMIT.hypo,1
cg22117438,epiCMIT.hypo,1
cg08815403,epiCMIT.hypo,1
cg14911393,epiCMIT.hypo,1
cg01777812,epiCMIT.hypo,1
cg02054697,epiCMIT.hypo,1
cg09783457,epiCMIT.hypo,1
cg09102610,epiCMIT.hypo,1
cg25778446,epiCMIT.hypo,1
cg03024478,epiCMIT.hypo,1
cg16652264,epiCMIT.hypo,1
cg11579222,epiCMIT.hypo,1
cg13957043,epiCMIT.hypo,1
cg15785860,epiCMIT.hypo,1
cg09954820,epiCMIT.hypo,1
cg24547910,epiCMIT.hypo,1
cg00353330,epiCMIT.hypo,1
cg14994944,epiCMIT.hypo,1
cg26442903,epiCMIT.hypo,1
cg06254768,epiCMIT.hypo,1
cg01238639,epiCMIT.hypo,1
cg18370747,epiCMIT.hypo,1
cg08993690,epiCMIT.hypo,1
cg09839177,epiCMIT.hypo,1
cg01763692,epiCMIT.hypo,1
cg06567920,epiCMIT.hypo,1
cg08053129,epiCMIT.hypo,1
cg11920765,epiCMIT.hypo,1
cg03732759,epiCMIT.hypo,1
cg06691616,epiCMIT.hypo,1
cg00563678,epiCMIT.hypo,1
cg24759237,epiCMIT.hypo,1
cg05361366,epiCMIT.hypo,1
cg19577080,epiCMIT.hypo,1
cg22930773,epiCMIT.hypo,1
cg23677352,epiCMIT.hypo,1
cg20003377,epiCMIT.hypo,1
cg06742678,epiCMIT.hypo,1
cg25513740,epiCMIT.hypo,1
cg09599228,epiCMIT.hypo,1
cg21794994,epiCMIT.hypo,1
cg23735682,epiCMIT.hypo,1
cg03505125,epiCMIT.hypo,1
cg05773958,epiCMIT.hypo,1
cg17222000,epiCMIT.hypo,1
cg20810675,epiCMIT.hypo,1
cg07891120,epiCMIT.hypo,1
cg25281820,epiCMIT.hypo,1
cg07277892,epiCMIT.hypo,1
cg04187668,epiCMIT.hypo,1
cg16144181,epiCMIT.hypo,1
cg02846963,epiCMIT.hypo,1
cg20554882,epiCMIT.hypo,1
cg25524052,epiCMIT.hypo,1
cg01950474,epiCMIT.hypo,1
cg27162122,epiCMIT.hypo,1
cg05720403,epiCMIT.hypo,1
cg00610294,epiCMIT.hypo,1
cg04958165,epiCMIT.hypo,1
cg05801329,epiCMIT.hypo,1
cg10633609,epiCMIT.hypo,1
cg19412743,epiCMIT.hypo,1
cg27629673,epiCMIT.hypo,1
cg26129110,epiCMIT.hypo,1
cg11156702,epiCMIT.hypo,1
cg12987138,epiCMIT.hypo,1
cg15973075,epiCMIT.hypo,1
cg03900241,epiCMIT.hypo,1
cg13394491,epiCMIT.hypo,1
cg25503410,epiCMIT.hypo,1
cg16288630,epiCMIT.hypo,1
cg11906285,epiCMIT.hypo,1
cg13583523,epiCMIT.hypo,1
cg24667437,epiCMIT.hypo,1
cg17862146,epiCMIT.hypo,1
cg03889507,epiCMIT.hypo,1
cg07525782,epiCMIT.hypo,1
cg15028339,epiCMIT.hypo,1
cg00275126,epiCMIT.hypo,1
cg13976988,epiCMIT.hypo,1
cg01311470,epiCMIT.hypo,1
cg17576603,epiCMIT.hypo,1
cg01965552,epiCMIT.hypo,1
cg12196692,epiCMIT.hypo,1
cg11590974,epiCMIT.hypo,1
cg03326188,epiCMIT.hypo,1
cg05851730,epiCMIT.hypo,1
cg05964600,epiCMIT.hypo,1
cg21148923,epiCMIT.hypo,1
cg02487987,epiCMIT.hypo,1
cg17480554,epiCMIT.hypo,1
cg26341848,epiCMIT.hypo,1
cg21100712,epiCMIT.hypo,1
cg25565203,epiCMIT.hypo,1
cg16660494,epiCMIT.hypo,1
cg22954810,epiCMIT.hypo,1
cg13626830,epiCMIT.hypo,1
cg24003850,epiCMIT.hypo,1
cg00563847,epiCMIT.hypo,1
cg03304472,epiCMIT.hypo,1
cg07721901,epiCMIT.hypo,1
cg26325912,epiCMIT.hypo,1
cg06837325,epiCMIT.hypo,1
cg07293406,epiCMIT.hypo,1
cg21179705,epiCMIT.hypo,1
cg18054620,epiCMIT.hypo,1
cg08719515,epiCMIT.hypo,1
cg23054188,epiCMIT.hypo,1
cg09071407,epiCMIT.hypo,1
cg19556613,epiCMIT.hypo,1
cg16340963,epiCMIT.hypo,1
cg08442713,epiCMIT.hypo,1
cg00566961,epiCMIT.hypo,1
cg01214384,epiCMIT.hypo,1
cg07787851,epiCMIT.hypo,1
cg16668903,epiCMIT.hypo,1
cg21170583,epiCMIT.hypo,1
cg12030523,epiCMIT.hypo,1
cg23309843,epiCMIT.hypo,1
cg27666123,epiCMIT.hypo,1
cg20708282,epiCMIT.hypo,1
cg14790000,epiCMIT.hypo,1
cg06844661,epiCMIT.hypo,1
cg22788465,epiCMIT.hypo,1
cg12856447,epiCMIT.hypo,1
cg05174942,epiCMIT.hypo,1
cg19452248,epiCMIT.hypo,1
cg20666307,epiCMIT.hypo,1
cg07463197,epiCMIT.hypo,1
cg02154084,epiCMIT.hypo,1
cg02365303,epiCMIT.hypo,1
cg17788013,epiCMIT.hypo,1
cg22609474,epiCMIT.hypo,1
cg26350784,epiCMIT.hypo,1
cg21605772,epiCMIT.hypo,1
cg10534479,epiCMIT.hypo,1
cg05600609,epiCMIT.hypo,1
cg05030450,epiCMIT.hypo,1
cg19913582,epiCMIT.hypo,1
cg07129392,epiCMIT.hypo,1
cg18358845,epiCMIT.hypo,1
cg11201869,epiCMIT.hypo,1
cg17369115,epiCMIT.hypo,1
cg08617135,epiCMIT.hypo,1
cg14384014,epiCMIT.hypo,1
cg01458195,epiCMIT.hypo,1
cg23902105,epiCMIT.hypo,1
cg08014661,epiCMIT.hypo,1
cg10459018,epiCMIT.hypo,1
cg15201458,epiCMIT.hypo,1
cg21997746,epiCMIT.hypo,1
cg12975597,epiCMIT.hypo,1
cg04135377,epiCMIT.hypo,1
cg21196930,epiCMIT.hypo,1
cg08324157,epiCMIT.hypo,1
cg15916061,epiCMIT.hypo,1
cg12628075,epiCMIT.hypo,1
cg24817358,epiCMIT.hypo,1
cg17859772,epiCMIT.hypo,1
cg23916878,epiCMIT.hypo,1
cg15169900,epiCMIT.hypo,1
cg10852698,epiCMIT.hypo,1
cg25323497,epiCMIT.hypo,1
cg00174718,epiCMIT.hypo,1
cg22852840,epiCMIT.hypo,1
cg25734198,epiCMIT.hypo,1
cg09375907,epiCMIT.hypo,1
cg02482438,epiCMIT.hypo,1
cg12553321,epiCMIT.hypo,1
cg21080533,epiCMIT.hypo,1
cg14529201,epiCMIT.hypo,1
cg10219995,epiCMIT.hypo,1
cg01776172,epiCMIT.hypo,1
cg16709433,epiCMIT.hypo,1
cg04926384,epiCMIT.hypo,1
cg22935609,epiCMIT.hypo,1
cg09475796,epiCMIT.hypo,1
cg20159490,epiCMIT.hypo,1
cg24119500,epiCMIT.hypo,1
cg06754764,epiCMIT.hypo,1
cg05582719,epiCMIT.hypo,1
cg16124188,epiCMIT.hypo,1
cg05376362,epiCMIT.hypo,1
cg22998959,epiCMIT.hypo,1
cg17658266,epiCMIT.hypo,1
cg07331204,epiCMIT.hypo,1
cg16423738,epiCMIT.hypo,1
cg01081400,epiCMIT.hypo,1
cg02532113,epiCMIT.hypo,1
cg23508908,epiCMIT.hypo,1
cg05593336,epiCMIT.hypo,1
cg03293883,epiCMIT.hypo,1
cg13010621,epiCMIT.hypo,1
cg21653474,epiCMIT.hypo,1
cg00632379,epiCMIT.hypo,1
cg27158519,epiCMIT.hypo,1
cg18192491,epiCMIT.hypo,1
cg08893817,epiCMIT.hypo,1
cg06678468,epiCMIT.hypo,1
cg19066682,epiCMIT.hypo,1
cg02878949,epiCMIT.hypo,1
cg01574297,epiCMIT.hypo,1
cg19827555,epiCMIT.hypo,1
cg14458292,epiCMIT.hypo,1
cg05308643,epiCMIT.hypo,1
cg19267163,epiCMIT.hypo,1
cg24298280,epiCMIT.hypo,1
cg18196453,epiCMIT.hypo,1
cg17993419,epiCMIT.hypo,1
cg05818382,epiCMIT.hypo,1
cg27638432,epiCMIT.hypo,1
cg06247666,epiCMIT.hypo,1
cg25578225,epiCMIT.hypo,1
cg10791580,epiCMIT.hypo,1
cg17026542,epiCMIT.hypo,1
cg19168556,epiCMIT.hypo,1
cg15246805,epiCMIT.hypo,1
cg10105884,epiCMIT.hypo,1
cg18817392,epiCMIT.hypo,1
cg02936931,epiCMIT.hypo,1
cg26188226,epiCMIT.hypo,1
cg19675599,epiCMIT.hypo,1
cg16797473,epiCMIT.hypo,1
cg09385371,epiCMIT.hypo,1
cg14486632,epiCMIT.hypo,1
cg26875958,epiCMIT.hypo,1
cg23170410,epiCMIT.hypo,1
cg14332049,epiCMIT.hypo,1
cg24312610,epiCMIT.hypo,1
cg03962359,epiCMIT.hypo,1
cg11342331,epiCMIT.hypo,1
cg12594140,epiCMIT.hypo,1
cg11175473,epiCMIT.hypo,1
cg03762823,epiCMIT.hypo,1
cg16147544,epiCMIT.hypo,1
cg16465407,epiCMIT.hypo,1
cg00844298,epiCMIT.hypo,1
cg16618789,epiCMIT.hypo,1
cg13574150,epiCMIT.hypo,1
cg26516287,epiCMIT.hypo,1
cg06740985,epiCMIT.hypo,1
cg03985360,epiCMIT.hypo,1
cg11855409,epiCMIT.hypo,1
cg08956101,epiCMIT.hypo,1
cg25570453,epiCMIT.hypo,1
cg10442101,epiCMIT.hypo,1
cg08595592,epiCMIT.hypo,1
cg04892643,epiCMIT.hypo,1
cg17534654,epiCMIT.hypo,1
cg12127159,epiCMIT.hypo,1
cg15020132,epiCMIT.hypo,1
cg18018990,epiCMIT.hypo,1
cg08564874,epiCMIT.hypo,1
cg21403759,epiCMIT.hypo,1
cg26649851,epiCMIT.hypo,1
cg24645671,epiCMIT.hypo,1
cg25840173,epiCMIT.hypo,1
cg05557110,epiCMIT.hypo,1
cg15956565,epiCMIT.hypo,1
cg00772192,epiCMIT.hypo,1
cg05283379,epiCMIT.hypo,1
cg02638567,epiCMIT.hypo,1
cg12629796,epiCMIT.hypo,1
cg27574973,epiCMIT.hypo,1
cg12305074,epiCMIT.hypo,1
cg18461347,epiCMIT.hypo,1
cg26138637,epiCMIT.hypo,1
cg07535316,epiCMIT.hypo,1
cg08951078,epiCMIT.hypo,1
cg04338074,epiCMIT.hypo,1
cg20587945,epiCMIT.hypo,1
cg18764358,epiCMIT.hypo,1
cg02598335,epiCMIT.hypo,1
cg07539248,epiCMIT.hypo,1
cg18127395,epiCMIT.hypo,1
cg02132909,epiCMIT.hypo,1
cg00604640,epiCMIT.hypo,1
cg12916055,epiCMIT.hypo,1
cg24198944,epiCMIT.hypo,1
cg17126250,epiCMIT.hypo,1
cg27402883,epiCMIT.hypo,1
cg20238197,epiCMIT.hypo,1
cg01214063,epiCMIT.hypo,1
cg22578425,epiCMIT.hypo,1
cg11606570,epiCMIT.hypo,1
cg12124767,epiCMIT.hypo,1
cg14388601,epiCMIT.hypo,1
cg12101474,epiCMIT.hypo,1
cg15536401,epiCMIT.hypo,1
cg12150401,epiCMIT.hypo,1
cg00895997,epiCMIT.hypo,1
cg27348370,epiCMIT.hypo,1
cg22724153,epiCMIT.hypo,1
cg15877425,epiCMIT.hypo,1
cg16483326,epiCMIT.hypo,1
cg12862977,epiCMIT.hypo,1
cg01920563,epiCMIT.hypo,1
cg16253580,epiCMIT.hypo,1
cg27635135,epiCMIT.hypo,1
cg18216587,epiCMIT.hypo,1
cg15440158,epiCMIT.hypo,1
cg14524476,epiCMIT.hypo,1
cg18172751,epiCMIT.hypo,1
cg22866754,epiCMIT.hypo,1
cg00786165,epiCMIT.hypo,1
cg18501230,epiCMIT.hypo,1
cg00347056,epiCMIT.hypo,1
cg14600420,epiCMIT.hypo,1
cg02195405,epiCMIT.hypo,1
cg10673328,epiCMIT.hypo,1
cg07566463,epiCMIT.hypo,1
cg06066180,epiCMIT.hypo,1
cg02431866,epiCMIT.hypo,1
cg14639904,epiCMIT.hypo,1
cg21548021,epiCMIT.hypo,1
cg27596649,epiCMIT.hypo,1
cg12068916,epiCMIT.hypo,1
cg01871995,epiCMIT.hypo,1
cg19076265,epiCMIT.hypo,1
cg20274006,epiCMIT.hypo,1
cg09955705,epiCMIT.hypo,1
cg16625218,epiCMIT.hypo,1
cg11791144,epiCMIT.hypo,1
cg05027713,epiCMIT.hypo,1
cg13156856,epiCMIT.hypo,1
cg16031846,epiCMIT.hypo,1
cg02943456,epiCMIT.hypo,1
cg08754088,epiCMIT.hypo,1
cg23411426,epiCMIT.hypo,1
cg10852045,epiCMIT.hypo,1
cg11251498,epiCMIT.hypo,1
cg07327435,epiCMIT.hypo,1
cg05427488,epiCMIT.hypo,1
cg04364695,epiCMIT.hypo,1
cg06538709,epiCMIT.hypo,1
cg26103845,epiCMIT.hypo,1
cg10182421,epiCMIT.hypo,1
cg19991723,epiCMIT.hypo,1
cg16883726,epiCMIT.hypo,1
cg22340475,epiCMIT.hypo,1
cg00923934,epiCMIT.hypo,1
cg11830605,epiCMIT.hypo,1
cg04652282,epiCMIT.hypo,1
cg18500177,epiCMIT.hypo,1
cg05937687,epiCMIT.hypo,1
cg15816712,epiCMIT.hypo,1
cg17661686,epiCMIT.hypo,1
cg19571015,epiCMIT.hypo,1
cg17891505,epiCMIT.hypo,1
cg16328319,epiCMIT.hypo,1
cg14283802,epiCMIT.hypo,1
cg06757810,epiCMIT.hypo,1
cg24347611,epiCMIT.hypo,1
cg11751344,epiCMIT.hypo,1
cg04563046,epiCMIT.hypo,1
cg07120544,epiCMIT.hypo,1
cg00045118,epiCMIT.hypo,1
cg03760919,epiCMIT.hypo,1
cg03150753,epiCMIT.hypo,1
cg07292140,epiCMIT.hypo,1
cg07352127,epiCMIT.hypo,1
cg00084720,epiCMIT.hypo,1
cg05313910,epiCMIT.hypo,1
cg06033789,epiCMIT.hypo,1
cg11399319,epiCMIT.hypo,1
cg05687660,epiCMIT.hypo,1
cg20981106,epiCMIT.hypo,1
cg05245379,epiCMIT.hypo,1
cg21187920,epiCMIT.hypo,1
cg08314176,epiCMIT.hypo,1
cg17147917,epiCMIT.hypo,1
cg01874183,epiCMIT.hypo,1
cg11476306,epiCMIT.hypo,1
cg10864603,epiCMIT.hypo,1
cg11907323,epiCMIT.hypo,1
cg05501060,epiCMIT.hypo,1
cg02320356,epiCMIT.hypo,1
cg25632577,epiCMIT.hypo,1
cg02483101,epiCMIT.hypo,1
cg09631175,epiCMIT.hypo,1
cg05316065,epiCMIT.hypo,1
cg18187729,epiCMIT.hypo,1
cg13708803,epiCMIT.hypo,1
cg23434592,epiCMIT.hypo,1
cg14406814,epiCMIT.hypo,1
cg14539466,epiCMIT.hypo,1
cg07045857,epiCMIT.hypo,1
cg14613164,epiCMIT.hypo,1
cg14431257,epiCMIT.hypo,1
cg14451791,epiCMIT.hypo,1
cg13679817,epiCMIT.hypo,1
cg14646983,epiCMIT.hypo,1
cg14361001,epiCMIT.hypo,1
cg13636014,epiCMIT.hypo,1
cg13908968,epiCMIT.hypo,1
cg13803727,epiCMIT.hypo,1
cg13924015,epiCMIT.hypo,1
cg14048837,epiCMIT.hypo,1
cg21161126,epiCMIT.hypo,1
cg14585967,epiCMIT.hypo,1
cg14350557,epiCMIT.hypo,1
cg18659248,epiCMIT.hypo,1
cg25773223,epiCMIT.hypo,1
cg09846581,epiCMIT.hypo,1
cg07948085,epiCMIT.hypo,1
cg02258381,epiCMIT.hypo,1
cg03445965,epiCMIT.hypo,1
cg23885889,epiCMIT.hypo,1
cg24164296,epiCMIT.hypo,1
cg19767857,epiCMIT.hypo,1
cg02987618,epiCMIT.hypo,1
cg23918490,epiCMIT.hypo,1
cg26732544,epiCMIT.hypo,1
cg08976342,epiCMIT.hypo,1
cg14416456,epiCMIT.hypo,1
cg23458887,epiCMIT.hypo,1
cg09883394,epiCMIT.hypo,1
cg23853165,epiCMIT.hypo,1
cg15910981,epiCMIT.hypo,1
cg19757261,epiCMIT.hypo,1
cg05215056,epiCMIT.hypo,1
cg03799378,epiCMIT.hypo,1
cg18703515,epiCMIT.hypo,1
cg25471987,epiCMIT.hypo,1
cg24080571,epiCMIT.hypo,1
cg08265915,epiCMIT.hypo,1
cg27382409,epiCMIT.hypo,1
cg16885557,epiCMIT.hypo,1
cg25380207,epiCMIT.hypo,1
cg15015416,epiCMIT.hypo,1
cg13882988,epiCMIT.hypo,1
cg06395652,epiCMIT.hypo,1
cg23963517,epiCMIT.hypo,1
cg26159090,epiCMIT.hypo,1
cg15729649,epiCMIT.hypo,1
cg08353444,epiCMIT.hypo,1
cg02348430,epiCMIT.hypo,1
cg12113851,epiCMIT.hypo,1
cg12498395,epiCMIT.hypo,1
cg19219255,epiCMIT.hypo,1
cg11464297,epiCMIT.hypo,1
cg01424263,epiCMIT.hypo,1
cg02044754,epiCMIT.hypo,1
cg14236430,epiCMIT.hypo,1
cg08754149,epiCMIT.hypo,1
cg06739256,epiCMIT.hypo,1
cg16197188,epiCMIT.hypo,1
cg01213022,epiCMIT.hypo,1
cg17487029,epiCMIT.hypo,1
cg11671115,epiCMIT.hypo,1
cg19989498,epiCMIT.hypo,1
cg08419450,epiCMIT.hypo,1
cg11055449,epiCMIT.hypo,1
cg19910327,epiCMIT.hypo,1
cg04168854,epiCMIT.hypo,1
cg14151372,epiCMIT.hypo,1
cg08327428,epiCMIT.hypo,1
cg05673079,epiCMIT.hypo,1
cg04490211,epiCMIT.hypo,1
cg24233194,epiCMIT.hypo,1
cg03254336,epiCMIT.hypo,1
cg27062243,epiCMIT.hypo,1
cg16239218,epiCMIT.hypo,1
cg06094515,epiCMIT.hypo,1
cg09640621,epiCMIT.hypo,1
cg02757516,epiCMIT.hypo,1
cg10574843,epiCMIT.hypo,1
cg18143317,epiCMIT.hypo,1
cg05004506,epiCMIT.hypo,1
cg02940362,epiCMIT.hypo,1
cg18768582,epiCMIT.hypo,1
cg16279158,epiCMIT.hypo,1
cg03306956,epiCMIT.hypo,1
cg14269191,epiCMIT.hypo,1
cg00423453,epiCMIT.hypo,1
cg10440696,epiCMIT.hypo,1
cg25451456,epiCMIT.hypo,1
cg18512262,epiCMIT.hypo,1
cg14240790,epiCMIT.hypo,1
cg16993015,epiCMIT.hypo,1
cg01744056,epiCMIT.hypo,1
cg12177909,epiCMIT.hypo,1
cg18387985,epiCMIT.hypo,1
cg06256007,epiCMIT.hypo,1
cg13911697,epiCMIT.hypo,1
cg06359632,epiCMIT.hypo,1
cg11596947,epiCMIT.hypo,1
cg08643003,epiCMIT.hypo,1
cg16491865,epiCMIT.hypo,1
cg17284609,epiCMIT.hypo,1
cg19241619,epiCMIT.hypo,1
cg06120122,epiCMIT.hypo,1
cg17104596,epiCMIT.hypo,1
cg23491807,epiCMIT.hypo,1
cg01823718,epiCMIT.hypo,1
cg05788927,epiCMIT.hypo,1
cg05233816,epiCMIT.hypo,1
cg08227141,epiCMIT.hypo,1
cg05146852,epiCMIT.hypo,1
cg24585203,epiCMIT.hypo,1
cg14813258,epiCMIT.hypo,1
cg27420123,epiCMIT.hypo,1
cg21758962,epiCMIT.hypo,1
cg04416302,epiCMIT.hypo,1
cg00562107,epiCMIT.hypo,1
cg03154226,epiCMIT.hypo,1
cg05343512,epiCMIT.hypo,1
cg11371231,epiCMIT.hypo,1
cg27149471,epiCMIT.hypo,1
cg07850316,epiCMIT.hypo,1
cg07977620,epiCMIT.hypo,1
cg14029856,epiCMIT.hypo,1
cg21736476,epiCMIT.hypo,1
cg25273160,epiCMIT.hypo,1
cg09667650,epiCMIT.hypo,1
cg00385194,epiCMIT.hypo,1
cg24432464,epiCMIT.hypo,1
cg08998189,epiCMIT.hypo,1
cg09143850,epiCMIT.hypo,1
cg21765235,epiCMIT.hypo,1
cg02675969,epiCMIT.hypo,1
cg05405389,epiCMIT.hypo,1
cg09855212,epiCMIT.hypo,1
cg22266072,epiCMIT.hypo,1
cg09535027,epiCMIT.hypo,1
cg27149179,epiCMIT.hypo,1
cg18898209,epiCMIT.hypo,1
cg11845292,epiCMIT.hypo,1
cg21631427,epiCMIT.hypo,1
cg06979108,epiCMIT.hypo,1
cg23102197,epiCMIT.hypo,1
cg15404043,epiCMIT.hypo,1
cg06457534,epiCMIT.hypo,1
cg03561071,epiCMIT.hypo,1
cg15705971,epiCMIT.hypo,1
cg04362211,epiCMIT.hypo,1
cg27416171,epiCMIT.hypo,1
cg08001668,epiCMIT.hypo,1
cg06106126,epiCMIT.hypo,1
cg23049823,epiCMIT.hypo,1
cg25719786,epiCMIT.hypo,1
cg19574327,epiCMIT.hypo,1
cg09342225,epiCMIT.hypo,1
cg15910070,epiCMIT.hypo,1
cg04374719,epiCMIT.hypo,1
cg21719418,epiCMIT.hypo,1
cg05949889,epiCMIT.hypo,1
cg26488544,epiCMIT.hypo,1
cg25007511,epiCMIT.hypo,1
cg20176971,epiCMIT.hypo,1
cg19720260,epiCMIT.hypo,1
cg15896978,epiCMIT.hypo,1
cg03225882,epiCMIT.hypo,1
cg17638507,epiCMIT.hypo,1
cg19449594,epiCMIT.hypo,1
cg26110281,epiCMIT.hypo,1
cg23919924,epiCMIT.hypo,1
cg12393108,epiCMIT.hypo,1
cg22476960,epiCMIT.hypo,1
cg12555816,epiCMIT.hypo,1
cg13012115,epiCMIT.hypo,1
cg23561531,epiCMIT.hypo,1
cg08080489,epiCMIT.hypo,1
cg17242596,epiCMIT.hypo,1
cg04765303,epiCMIT.hypo,1
cg08729600,epiCMIT.hypo,1
cg24891312,epiCMIT.hypo,1
cg05183671,epiCMIT.hypo,1
cg19091779,epiCMIT.hypo,1
cg04878685,epiCMIT.hypo,1
cg25573386,epiCMIT.hypo,1
cg06233731,epiCMIT.hypo,1
cg26349957,epiCMIT.hypo,1
cg10244770,epiCMIT.hypo,1
cg04402351,epiCMIT.hypo,1
cg18456512,epiCMIT.hypo,1
cg18109798,epiCMIT.hypo,1
cg12127290,epiCMIT.hypo,1
cg01802593,epiCMIT.hypo,1
cg08446539,epiCMIT.hypo,1
cg06086198,epiCMIT.hypo,1
cg12493761,epiCMIT.hypo,1
cg10063575,epiCMIT.hypo,1
cg05207107,epiCMIT.hypo,1
cg15864733,epiCMIT.hypo,1
cg07180988,epiCMIT.hypo,1
cg23518497,epiCMIT.hypo,1
cg23257289,epiCMIT.hypo,1
cg15319470,epiCMIT.hypo,1
cg26987521,epiCMIT.hypo,1
cg07143863,epiCMIT.hypo,1
cg06700060,epiCMIT.hypo,1
cg25390063,epiCMIT.hypo,1
cg27151135,epiCMIT.hypo,1
cg14431577,epiCMIT.hypo,1
cg15659537,epiCMIT.hypo,1
cg12909188,epiCMIT.hypo,1
cg08985530,epiCMIT.hypo,1
cg21958743,epiCMIT.hypo,1
cg14299883,epiCMIT.hypo,1
cg07725829,epiCMIT.hypo,1
cg12801067,epiCMIT.hypo,1
cg18148255,epiCMIT.hypo,1
cg06610876,epiCMIT.hypo,1
cg20477574,epiCMIT.hypo,1
cg25773259,epiCMIT.hypo,1
cg27245185,epiCMIT.hypo,1
cg00174508,epiCMIT.hypo,1
cg04853995,epiCMIT.hypo,1
cg20593059,epiCMIT.hypo,1
cg00565679,epiCMIT.hypo,1
cg12635120,epiCMIT.hypo,1
cg01477933,epiCMIT.hypo,1
cg10319331,epiCMIT.hypo,1
cg02958014,epiCMIT.hypo,1
cg09313140,epiCMIT.hypo,1
cg14504768,epiCMIT.hypo,1
cg21539678,epiCMIT.hypo,1
cg20696173,epiCMIT.hypo,1
cg00887508,epiCMIT.hypo,1
cg23041447,epiCMIT.hypo,1
cg11644891,epiCMIT.hypo,1
cg11229975,epiCMIT.hypo,1
cg22593432,epiCMIT.hypo,1
cg22788065,epiCMIT.hypo,1
cg05664833,epiCMIT.hypo,1
cg10566012,epiCMIT.hypo,1
cg00674995,epiCMIT.hypo,1
cg24797276,epiCMIT.hypo,1
cg07842635,epiCMIT.hypo,1
cg13818075,epiCMIT.hypo,1
cg15562212,epiCMIT.hypo,1
cg17976839,epiCMIT.hypo,1
cg06342072,epiCMIT.hypo,1
cg19699140,epiCMIT.hypo,1
cg02994463,epiCMIT.hypo,1
cg18485530,epiCMIT.hypo,1
cg19871597,epiCMIT.hypo,1
cg20672264,epiCMIT.hypo,1
cg20449382,epiCMIT.hypo,1
cg06492706,epiCMIT.hypo,1
cg09121152,epiCMIT.hypo,1
cg27391982,epiCMIT.hypo,1
cg06106063,epiCMIT.hypo,1
cg13937208,epiCMIT.hypo,1
cg24562110,epiCMIT.hypo,1
cg26224314,epiCMIT.hypo,1
cg23087149,epiCMIT.hypo,1
cg06531870,epiCMIT.hypo,1
cg15950504,epiCMIT.hypo,1
cg09102329,epiCMIT.hypo,1
cg18003362,epiCMIT.hypo,1
cg13201587,epiCMIT.hypo,1
cg10949632,epiCMIT.hypo,1
cg00012576,epiCMIT.hypo,1
cg05188268,epiCMIT.hypo,1
cg24157814,epiCMIT.hypo,1
cg01498437,epiCMIT.hypo,1
cg21502551,epiCMIT.hypo,1
cg12547939,epiCMIT.hypo,1
cg15339026,epiCMIT.hypo,1
cg06376558,epiCMIT.hypo,1
cg05419096,epiCMIT.hypo,1
cg15769756,epiCMIT.hypo,1
cg16325174,epiCMIT.hypo,1
cg25536171,epiCMIT.hypo,1
cg20695203,epiCMIT.hypo,1
cg04960602,epiCMIT.hypo,1
cg20455687,epiCMIT.hypo,1
cg23159678,epiCMIT.hypo,1
cg24082368,epiCMIT.hypo,1
cg07133994,epiCMIT.hypo,1
cg10228456,epiCMIT.hypo,1
cg02248514,epiCMIT.hypo,1
cg09835220,epiCMIT.hypo,1
cg01857748,epiCMIT.hypo,1
cg01097663,epiCMIT.hypo,1
cg02037425,epiCMIT.hypo,1
cg10373147,epiCMIT.hypo,1
cg07122123,epiCMIT.hypo,1
cg13097800,epiCMIT.hypo,1
cg23629393,epiCMIT.hypo,1
cg08126807,epiCMIT.hypo,1
cg22805381,epiCMIT.hypo,1
cg12790424,epiCMIT.hypo,1
cg09220563,epiCMIT.hypo,1
cg15946224,epiCMIT.hypo,1
cg21168134,epiCMIT.hypo,1
cg01702210,epiCMIT.hypo,1
cg05939089,epiCMIT.hypo,1
cg13972423,epiCMIT.hypo,1
cg20246273,epiCMIT.hypo,1
cg15815318,epiCMIT.hypo,1
cg27023727,epiCMIT.hypo,1
cg11378052,epiCMIT.hypo,1
cg13079247,epiCMIT.hypo,1
cg17927847,epiCMIT.hypo,1
cg18712349,epiCMIT.hypo,1
cg16759787,epiCMIT.hypo,1
cg12875720,epiCMIT.hypo,1
cg09340205,epiCMIT.hypo,1
cg03562978,epiCMIT.hypo,1
cg10472263,epiCMIT.hypo,1
cg02272429,epiCMIT.hypo,1
cg17940113,epiCMIT.hypo,1
cg20116869,epiCMIT.hypo,1
cg24694665,epiCMIT.hypo,1
cg03998348,epiCMIT.hypo,1
cg20468163,epiCMIT.hypo,1
cg06719949,epiCMIT.hypo,1
cg17466658,epiCMIT.hypo,1
cg13182816,epiCMIT.hypo,1
cg26841157,epiCMIT.hypo,1
cg00324520,epiCMIT.hypo,1
cg13944105,epiCMIT.hypo,1
cg10433327,epiCMIT.hypo,1
cg12030298,epiCMIT.hypo,1
cg26987928,epiCMIT.hypo,1
cg12236880,epiCMIT.hypo,1
cg13594465,epiCMIT.hypo,1
cg04631994,epiCMIT.hypo,1
cg12868052,epiCMIT.hypo,1
cg27070951,epiCMIT.hypo,1
cg17048700,epiCMIT.hypo,1
cg04293948,epiCMIT.hypo,1
cg06755296,epiCMIT.hypo,1
cg02346706,epiCMIT.hypo,1
cg08249698,epiCMIT.hypo,1
cg00491523,epiCMIT.hypo,1
cg06580966,epiCMIT.hypo,1
cg05017639,epiCMIT.hypo,1
cg02935562,epiCMIT.hypo,1
cg02853850,epiCMIT.hypo,1
cg11297236,epiCMIT.hypo,1
cg25274975,epiCMIT.hypo,1
cg27152190,epiCMIT.hypo,1
cg26981268,epiCMIT.hypo,1
cg02431531,epiCMIT.hypo,1
cg10154971,epiCMIT.hypo,1
cg02438026,epiCMIT.hypo,1
cg08278002,epiCMIT.hypo,1
cg02352722,epiCMIT.hypo,1
cg09847250,epiCMIT.hypo,1
cg00620976,epiCMIT.hypo,1
cg03491821,epiCMIT.hypo,1
cg26620314,epiCMIT.hypo,1
cg09183207,epiCMIT.hypo,1
cg10279294,epiCMIT.hypo,1
cg16520796,epiCMIT.hypo,1
cg08453928,epiCMIT.hypo,1
cg07527126,epiCMIT.hypo,1
cg05083273,epiCMIT.hypo,1
cg14794480,epiCMIT.hypo,1
cg13052680,epiCMIT.hypo,1
cg20559422,epiCMIT.hypo,1
cg11720896,epiCMIT.hypo,1
cg11871064,epiCMIT.hypo,1
cg02339122,epiCMIT.hypo,1
cg08098868,epiCMIT.hypo,1
cg20008164,epiCMIT.hypo,1
cg16567216,epiCMIT.hypo,1
cg02279883,epiCMIT.hypo,1
cg24063043,epiCMIT.hypo,1
cg01897944,epiCMIT.hypo,1
cg03580872,epiCMIT.hypo,1
cg26090045,epiCMIT.hypo,1
cg26960719,epiCMIT.hypo,1
cg03570232,epiCMIT.hypo,1
cg19787448,epiCMIT.hypo,1
cg04465730,epiCMIT.hypo,1
cg01962062,epiCMIT.hypo,1
cg13886180,epiCMIT.hypo,1
cg22386311,epiCMIT.hypo,1
cg21983192,epiCMIT.hypo,1
cg01941619,epiCMIT.hypo,1
cg06933777,epiCMIT.hypo,1
cg14211837,epiCMIT.hypo,1
cg02986451,epiCMIT.hypo,1
cg17192315,epiCMIT.hypo,1
cg21991633,epiCMIT.hypo,1
cg04151146,epiCMIT.hypo,1
cg19375492,epiCMIT.hypo,1
cg04422802,epiCMIT.hypo,1
cg16210461,epiCMIT.hypo,1
cg11913346,epiCMIT.hypo,1
cg11353792,epiCMIT.hypo,1
cg01230207,epiCMIT.hypo,1
cg22951411,epiCMIT.hypo,1
cg20484832,epiCMIT.hypo,1
cg12659446,epiCMIT.hypo,1
cg20312687,epiCMIT.hypo,1
cg01936287,epiCMIT.hypo,1
cg14003143,epiCMIT.hypo,1
cg21148025,epiCMIT.hypo,1
cg07033513,epiCMIT.hypo,1
cg24936695,epiCMIT.hypo,1
cg24343720,epiCMIT.hypo,1
cg16431978,epiCMIT.hypo,1
cg24500711,epiCMIT.hypo,1
cg07945323,epiCMIT.hypo,1
cg25388528,epiCMIT.hypo,1
cg14903245,epiCMIT.hypo,1
cg06430509,epiCMIT.hypo,1
cg04819337,epiCMIT.hypo,1
cg05705496,epiCMIT.hypo,1
cg07443748,epiCMIT.hypo,1
cg02724647,epiCMIT.hypo,1
cg09331835,epiCMIT.hypo,1
